USE RESAHOTEL
GO
INSERT INTO  Hotels (idHotel, Libelle, Etoile) VALUES (1, 'Ski Hotel', '*');
INSERT INTO  Hotels (idHotel, Libelle, Etoile) VALUES (2, 'Art Hotel', '**');
INSERT INTO  Hotels (idHotel, Libelle, Etoile) VALUES (3, 'Rose Hotel', '***');
INSERT INTO  Hotels (idHotel, Libelle, Etoile) VALUES (4, 'Lions Hotel', '****');
INSERT INTO  TypesChambre (idTypeChambre, NombreLit, TypeLit, Description) VALUES (1, 1, 'lit simple', '1 lit simple avec douche');
INSERT INTO  TypesChambre (idTypeChambre, NombreLit, TypeLit, Description) VALUES (2, 2, 'lit simple', '2 lits simples avec douche');
INSERT INTO  TypesChambre (idTypeChambre, NombreLit, TypeLit, Description) VALUES (3, 3, 'lit simple', '3 lits simples avec douche et WC séparé');
INSERT INTO  TypesChambre (idTypeChambre, NombreLit, TypeLit, Description) VALUES (4, 1, 'lit double', '1 lit double avec douche');
INSERT INTO  TypesChambre (idTypeChambre, NombreLit, TypeLit, Description) VALUES (5, 1, 'lit double', '1 lit double avec douche et WC séparé');
INSERT INTO  TypesChambre (idTypeChambre, NombreLit, TypeLit, Description) VALUES (6, 1, 'lit double', '1 lit double avec bain et WC séparé');
INSERT INTO  TypesChambre (idTypeChambre, NombreLit, TypeLit, Description) VALUES (7, 1, 'lit XL', '1 lit double large avec bain et WC séparé');
INSERT INTO  Chambres (idChambre, Hotel, TypeChambre, NumChambre, Commentaire) VALUES (1, 1, 1, '1', NULL);
INSERT INTO  Chambres (idChambre, Hotel, TypeChambre, NumChambre, Commentaire) VALUES (2, 1, 2, '2', NULL);
INSERT INTO  Chambres (idChambre, Hotel, TypeChambre, NumChambre, Commentaire) VALUES (3, 1, 3, '3', NULL);
INSERT INTO  Chambres (idChambre, Hotel, TypeChambre, NumChambre, Commentaire) VALUES (4, 1, 4, '4', NULL);
INSERT INTO  Chambres (idChambre, Hotel, TypeChambre, NumChambre, Commentaire) VALUES (5, 1, 5, '5', 'Reservé pour les gOOows du 72');
INSERT INTO  Chambres (idChambre, Hotel, TypeChambre, NumChambre, Commentaire) VALUES (6, 1, 6, '6', NULL);
INSERT INTO  Chambres (idChambre, Hotel, TypeChambre, NumChambre, Commentaire) VALUES (8, 2, 1, '1', NULL);
INSERT INTO  Chambres (idChambre, Hotel, TypeChambre, NumChambre, Commentaire) VALUES (9, 2, 2, '2', NULL);
INSERT INTO  Chambres (idChambre, Hotel, TypeChambre, NumChambre, Commentaire) VALUES (10, 2, 3, '3', NULL);
INSERT INTO  Chambres (idChambre, Hotel, TypeChambre, NumChambre, Commentaire) VALUES (11, 2, 4, '4', NULL);
INSERT INTO  Chambres (idChambre, Hotel, TypeChambre, NumChambre, Commentaire) VALUES (12, 2, 5, '5', NULL);
INSERT INTO  Chambres (idChambre, Hotel, TypeChambre, NumChambre, Commentaire) VALUES (13, 2, 6, '6', NULL);
INSERT INTO  Chambres (idChambre, Hotel, TypeChambre, NumChambre, Commentaire) VALUES (14, 2, 7, '7', NULL);
INSERT INTO  Chambres (idChambre, Hotel, TypeChambre, NumChambre, Commentaire) VALUES (15, 3, 1, '1', NULL);
INSERT INTO  Chambres (idChambre, Hotel, TypeChambre, NumChambre, Commentaire) VALUES (16, 3, 2, '2', NULL);
INSERT INTO  Chambres (idChambre, Hotel, TypeChambre, NumChambre, Commentaire) VALUES (17, 3, 3, '3', NULL);
INSERT INTO  Chambres (idChambre, Hotel, TypeChambre, NumChambre, Commentaire) VALUES (18, 3, 4, '4', NULL);
INSERT INTO  Chambres (idChambre, Hotel, TypeChambre, NumChambre, Commentaire) VALUES (19, 3, 5, '5', NULL);
INSERT INTO  Chambres (idChambre, Hotel, TypeChambre, NumChambre, Commentaire) VALUES (20, 3, 6, '6', NULL);
INSERT INTO  Chambres (idChambre, Hotel, TypeChambre, NumChambre, Commentaire) VALUES (21, 3, 7, '7', NULL);
INSERT INTO  Chambres (idChambre, Hotel, TypeChambre, NumChambre, Commentaire) VALUES (22, 4, 1, '1', NULL);
INSERT INTO  Chambres (idChambre, Hotel, TypeChambre, NumChambre, Commentaire) VALUES (23, 4, 2, '2', NULL);
INSERT INTO  Chambres (idChambre, Hotel, TypeChambre, NumChambre, Commentaire) VALUES (24, 4, 3, '3', NULL);
INSERT INTO  Chambres (idChambre, Hotel, TypeChambre, NumChambre, Commentaire) VALUES (25, 4, 4, '4', NULL);
INSERT INTO  Chambres (idChambre, Hotel, TypeChambre, NumChambre, Commentaire) VALUES (26, 4, 5, '5', NULL);
INSERT INTO  Chambres (idChambre, Hotel, TypeChambre, NumChambre, Commentaire) VALUES (27, 4, 6, '6', NULL);
INSERT INTO  Chambres (idChambre, Hotel, TypeChambre, NumChambre, Commentaire) VALUES (28, 4, 7, '7', NULL);
INSERT INTO  Tarifs (idTarif, Hotel, TypeChambre, DateDebut, DateFin, Prix) VALUES (1, 1, 1, '2021-10-01', '2022-04-14', 49.990);
INSERT INTO  Tarifs (idTarif, Hotel, TypeChambre, DateDebut, DateFin, Prix) VALUES (2, 1, 2, '2021-10-01', '2022-04-14', 59.990);
INSERT INTO  Tarifs (idTarif, Hotel, TypeChambre, DateDebut, DateFin, Prix) VALUES (3, 1, 3, '2021-10-01', '2022-04-14', 69.990);
INSERT INTO  Tarifs (idTarif, Hotel, TypeChambre, DateDebut, DateFin, Prix) VALUES (4, 1, 4, '2021-10-01', '2022-04-14', 59.990);
INSERT INTO  Tarifs (idTarif, Hotel, TypeChambre, DateDebut, DateFin, Prix) VALUES (5, 1, 5, '2021-10-01', '2022-04-14', 69.990);
INSERT INTO  Tarifs (idTarif, Hotel, TypeChambre, DateDebut, DateFin, Prix) VALUES (6, 1, 6, '2021-10-01', '2022-04-14', 79.990);
INSERT INTO  Tarifs (idTarif, Hotel, TypeChambre, DateDebut, DateFin, Prix) VALUES (7, 1, 7, '2021-10-01', '2022-04-14', 89.990);
INSERT INTO  Tarifs (idTarif, Hotel, TypeChambre, DateDebut, DateFin, Prix) VALUES (8, 2, 1, '2021-12-15', '2022-04-15', 57.490);
INSERT INTO  Tarifs (idTarif, Hotel, TypeChambre, DateDebut, DateFin, Prix) VALUES (9, 2, 2, '2021-12-15', '2022-04-15', 68.990);
INSERT INTO  Tarifs (idTarif, Hotel, TypeChambre, DateDebut, DateFin, Prix) VALUES (10, 2, 3, '2021-12-15', '2022-04-15', 80.490);
INSERT INTO  Tarifs (idTarif, Hotel, TypeChambre, DateDebut, DateFin, Prix) VALUES (11, 2, 4, '2021-12-15', '2022-04-15', 68.990);
INSERT INTO  Tarifs (idTarif, Hotel, TypeChambre, DateDebut, DateFin, Prix) VALUES (12, 2, 5, '2021-12-15', '2022-04-15', 80.490);
INSERT INTO  Tarifs (idTarif, Hotel, TypeChambre, DateDebut, DateFin, Prix) VALUES (13, 2, 6, '2021-12-15', '2022-04-15', 91.990);
INSERT INTO  Tarifs (idTarif, Hotel, TypeChambre, DateDebut, DateFin, Prix) VALUES (14, 2, 7, '2021-12-15', '2022-04-15', 103.490);
INSERT INTO  Tarifs (idTarif, Hotel, TypeChambre, DateDebut, DateFin, Prix) VALUES (15, 3, 1, '2021-12-15', '2022-04-15', 57.490);
INSERT INTO  Tarifs (idTarif, Hotel, TypeChambre, DateDebut, DateFin, Prix) VALUES (16, 3, 2, '2021-12-15', '2022-04-15', 68.990);
INSERT INTO  Tarifs (idTarif, Hotel, TypeChambre, DateDebut, DateFin, Prix) VALUES (17, 3, 3, '2021-12-15', '2022-04-15', 80.490);
INSERT INTO  Tarifs (idTarif, Hotel, TypeChambre, DateDebut, DateFin, Prix) VALUES (18, 3, 4, '2021-12-15', '2022-04-15', 68.990);
INSERT INTO  Tarifs (idTarif, Hotel, TypeChambre, DateDebut, DateFin, Prix) VALUES (19, 3, 5, '2021-12-15', '2022-04-15', 80.490);
INSERT INTO  Tarifs (idTarif, Hotel, TypeChambre, DateDebut, DateFin, Prix) VALUES (20, 3, 6, '2021-12-15', '2022-04-15', 91.990);
INSERT INTO  Tarifs (idTarif, Hotel, TypeChambre, DateDebut, DateFin, Prix) VALUES (21, 3, 7, '2021-12-15', '2022-04-15', 103.490);
INSERT INTO  Tarifs (idTarif, Hotel, TypeChambre, DateDebut, DateFin, Prix) VALUES (22, 4, 1, '2021-10-01', '2022-04-14', 49.990);
INSERT INTO  Tarifs (idTarif, Hotel, TypeChambre, DateDebut, DateFin, Prix) VALUES (23, 4, 2, '2021-10-01', '2022-04-14', 59.990);
INSERT INTO  Tarifs (idTarif, Hotel, TypeChambre, DateDebut, DateFin, Prix) VALUES (24, 4, 3, '2021-10-01', '2022-04-14', 69.990);
INSERT INTO  Tarifs (idTarif, Hotel, TypeChambre, DateDebut, DateFin, Prix) VALUES (25, 4, 4, '2021-10-01', '2022-04-14', 59.990);
INSERT INTO  Tarifs (idTarif, Hotel, TypeChambre, DateDebut, DateFin, Prix) VALUES (26, 4, 5, '2021-10-01', '2022-04-14', 69.990);
INSERT INTO  Tarifs (idTarif, Hotel, TypeChambre, DateDebut, DateFin, Prix) VALUES (27, 4, 6, '2021-10-01', '2022-04-14', 79.990);
INSERT INTO  Tarifs (idTarif, Hotel, TypeChambre, DateDebut, DateFin, Prix) VALUES (28, 4, 7, '2021-10-01', '2022-04-14', 89.990);
INSERT INTO  Tarifs (idTarif, Hotel, TypeChambre, DateDebut, DateFin, Prix) VALUES (29, 1, 1, '2021-04-01', '2021-09-30', 57.490);
INSERT INTO  Tarifs (idTarif, Hotel, TypeChambre, DateDebut, DateFin, Prix) VALUES (30, 1, 2, '2021-04-01', '2021-09-30', 68.990);
INSERT INTO  Tarifs (idTarif, Hotel, TypeChambre, DateDebut, DateFin, Prix) VALUES (31, 1, 3, '2021-04-01', '2021-09-30', 80.490);
INSERT INTO  Tarifs (idTarif, Hotel, TypeChambre, DateDebut, DateFin, Prix) VALUES (32, 1, 4, '2021-04-01', '2021-09-30', 68.990);
INSERT INTO  Tarifs (idTarif, Hotel, TypeChambre, DateDebut, DateFin, Prix) VALUES (33, 1, 5, '2021-04-01', '2021-09-30', 80.490);
INSERT INTO  Tarifs (idTarif, Hotel, TypeChambre, DateDebut, DateFin, Prix) VALUES (34, 1, 6, '2021-04-01', '2021-09-30', 91.990);
INSERT INTO  Tarifs (idTarif, Hotel, TypeChambre, DateDebut, DateFin, Prix) VALUES (35, 1, 7, '2021-04-01', '2021-09-30', 103.490);
INSERT INTO  Tarifs (idTarif, Hotel, TypeChambre, DateDebut, DateFin, Prix) VALUES (36, 4, 1, '2021-04-01', '2021-09-30', 57.490);
INSERT INTO  Tarifs (idTarif, Hotel, TypeChambre, DateDebut, DateFin, Prix) VALUES (37, 4, 2, '2021-04-01', '2021-09-30', 68.990);
INSERT INTO  Tarifs (idTarif, Hotel, TypeChambre, DateDebut, DateFin, Prix) VALUES (38, 4, 3, '2021-04-01', '2021-09-30', 80.490);
INSERT INTO  Tarifs (idTarif, Hotel, TypeChambre, DateDebut, DateFin, Prix) VALUES (39, 4, 4, '2021-04-01', '2021-09-30', 68.990);
INSERT INTO  Tarifs (idTarif, Hotel, TypeChambre, DateDebut, DateFin, Prix) VALUES (40, 4, 5, '2021-04-01', '2021-09-30', 80.490);
INSERT INTO  Tarifs (idTarif, Hotel, TypeChambre, DateDebut, DateFin, Prix) VALUES (41, 4, 6, '2021-04-01', '2021-09-30', 91.990);
INSERT INTO  Tarifs (idTarif, Hotel, TypeChambre, DateDebut, DateFin, Prix) VALUES (42, 4, 7, '2021-04-01', '2021-09-30', 103.490);
INSERT INTO  Tarifs (idTarif, Hotel, TypeChambre, DateDebut, DateFin, Prix) VALUES (43, 2, 1, '2021-04-16', '2021-12-14', 49.990);
INSERT INTO  Tarifs (idTarif, Hotel, TypeChambre, DateDebut, DateFin, Prix) VALUES (44, 2, 2, '2021-04-16', '2021-12-14', 59.990);
INSERT INTO  Tarifs (idTarif, Hotel, TypeChambre, DateDebut, DateFin, Prix) VALUES (45, 2, 3, '2021-04-16', '2021-12-14', 69.990);
INSERT INTO  Tarifs (idTarif, Hotel, TypeChambre, DateDebut, DateFin, Prix) VALUES (46, 2, 4, '2021-04-16', '2021-12-14', 59.990);
INSERT INTO  Tarifs (idTarif, Hotel, TypeChambre, DateDebut, DateFin, Prix) VALUES (47, 2, 5, '2021-04-16', '2021-12-14', 69.990);
INSERT INTO  Tarifs (idTarif, Hotel, TypeChambre, DateDebut, DateFin, Prix) VALUES (48, 2, 6, '2021-04-16', '2021-12-14', 79.990);
INSERT INTO  Tarifs (idTarif, Hotel, TypeChambre, DateDebut, DateFin, Prix) VALUES (49, 2, 7, '2021-04-16', '2021-12-14', 89.990);
INSERT INTO  Tarifs (idTarif, Hotel, TypeChambre, DateDebut, DateFin, Prix) VALUES (50, 3, 1, '2021-04-16', '2021-12-14', 49.990);
INSERT INTO  Tarifs (idTarif, Hotel, TypeChambre, DateDebut, DateFin, Prix) VALUES (51, 3, 2, '2021-04-16', '2021-12-14', 59.990);
INSERT INTO  Tarifs (idTarif, Hotel, TypeChambre, DateDebut, DateFin, Prix) VALUES (52, 3, 3, '2021-04-16', '2021-12-14', 69.990);
INSERT INTO  Tarifs (idTarif, Hotel, TypeChambre, DateDebut, DateFin, Prix) VALUES (53, 3, 4, '2021-04-16', '2021-12-14', 59.990);
INSERT INTO  Tarifs (idTarif, Hotel, TypeChambre, DateDebut, DateFin, Prix) VALUES (54, 3, 5, '2021-04-16', '2021-12-14', 69.990);
INSERT INTO  Tarifs (idTarif, Hotel, TypeChambre, DateDebut, DateFin, Prix) VALUES (55, 3, 6, '2021-04-16', '2021-12-14', 79.990);
INSERT INTO  Tarifs (idTarif, Hotel, TypeChambre, DateDebut, DateFin, Prix) VALUES (56, 3, 7, '2021-04-16', '2021-12-14', 89.990);
